{"cameraMode":{"drawMode":0,"name":"Shaded","section":"Shading Mode"},"sceneLighting":true,"audioPlay":false,"sceneViewState":{"m_AlwaysRefresh":false,"showFog":true,"showSkybox":true,"showFlares":true,"showImageEffects":true,"showParticleSystems":true,"showVisualEffectGraphs":true,"m_FxEnabled":true},"in2DMode":false,"pivot":{"x":-47.481441497802737,"y":5.122598171234131,"z":-0.3400607109069824},"rotation":{"x":0.054909784346818927,"y":-0.939396858215332,"z":0.17999204993247987,"w":0.28658708930015566},"size":17.839218139648439,"orthographic":false}