{"cameraMode":{"drawMode":0,"name":"Shaded","section":"Shading Mode"},"sceneLighting":false,"audioPlay":false,"sceneViewState":{"m_AlwaysRefresh":false,"showFog":true,"showSkybox":false,"showFlares":true,"showImageEffects":true,"showParticleSystems":true,"showVisualEffectGraphs":true,"m_FxEnabled":true},"in2DMode":false,"pivot":{"x":0.06715714931488037,"y":-0.050865769386291507,"z":0.4570630192756653},"rotation":{"x":0.1293613761663437,"y":-0.7312657833099365,"z":0.14466851949691773,"w":0.65390545129776},"size":0.5828647017478943,"orthographic":false}